sat name,line 1,line2,NORAD,Status,Orbit,Uplink,Downlink,Frequency,FrequencyBand,Operator,Details,Reference,Notes
CALSPHERE 1,1 00900U 64063C   22158.62024198  .00000378  00000+0  39325-3 0  9990,2 00900  90.1761  40.7352 0029558  53.1464 338.4627 13.73808218869319,900,,,,,,,,,,
CALSPHERE 2,1 00902U 64063E   22158.60716699  .00000043  00000+0  51699-4 0  9992,2 00902  90.1902  43.8084 0018527 170.2447 209.7277 13.52715976657445,902,,,,,,,,,,
LCS 1,1 01361U 65034C   22158.42350182  .00000001  00000+0 -91266-3 0  9990,2 01361  32.1435  69.1000 0013449 202.6309 157.3596  9.89301402 64237,1361,,,,,,,,,,
TEMPSAT 1,1 01512U 65065E   22158.39842168  .00000003  00000+0 -13898-4 0  9996,2 01512  89.9141 218.7443 0071679  59.7695 312.9235 13.33450853764033,1512,,,,,,,,,,
CALSPHERE 4A,1 01520U 65065H   22158.41161542  .00000071  00000+0  12102-3 0  9998,2 01520  89.9919 130.1689 0067295 292.6882 238.4176 13.35889008766318,1520,,,,,,,,,,
OPS 5712 (P/L 160),1 02826U 67053A   22158.53600969  .00001318  00000+0  35163-3 0  9998,2 02826  69.9275 312.3731 0005643 352.0402   8.0641 14.50588139851290,2826,,,,,,,,,,
LES-5,1 02866U 67066E   22158.55900125 -.00000047  00000+0  00000+0 0  9992,2 02866   1.3249 243.9795 0051672  40.1905 310.4489  1.09425160114937,2866,,,,,,,,,,
SURCAL 159,1 02872U 67053F   22158.48404078  .00000016  00000+0  48464-4 0  9999,2 02872  69.9747 285.8198 0008701 243.0159 117.0060 13.98909848804471,2872,,,,,,,,,,
OPS 5712 (P/L 153),1 02874U 67053H   22158.32558141 -.00000008  00000+0  33072-4 0  9996,2 02874  69.9750  26.8383 0009584 296.5580  63.4542 13.96405264801418,2874,,,,,,,,,,
SURCAL 150B,1 02909U 67053J   22158.55289682  .00002180  00000+0  42821-3 0  9994,2 02909  69.9477 302.2569 0002965  16.3967 343.7269 14.64031543862163,2909,,,,,,,,,,
RIGIDSPHERE 2 (LCS 4),1 05398U 71067E   22158.57466832  .00000326  00000+0  10715-3 0  9992,2 05398  87.6246  25.7159 0065277  59.0096 301.7491 14.34235063662847,5398,,,,,,,,,,
OSCAR 7 (AO-7),1 07530U 74089B   22158.45789310 -.00000029  00000+0  10622-3 0  9993,2 07530 101.9036 138.2965 0012639  61.7750  59.9517 12.53655264176210,7530,Done,,,,,HF/VHF,RASC (Radio Amatuer Satellite Corporation) ,,https://www.n2yo.com/satellite/?s=7530#results,
STARLETTE,1 07646U 75010A   22158.49372191 -.00000138  00000+0  21541-5 0  9990,2 07646  49.8227 149.5152 0205811 244.7202 113.2239 13.82312881391104,7646,,,,,,,,,,
LAGEOS 1,1 08820U 76039A   22158.28882861  .00000003  00000+0  00000+0 0  9995,2 08820 109.8578  35.5152 0045056 256.9329 275.5463  6.38664991819209,8820,,,,,,,,,,
PHASE 3B (AO-10),1 14129U 83058B   22158.07225170  .00000195  00000+0  00000+0 0  9996,2 14129  26.4237  98.0094 5998876  79.4340 339.1555  2.05866754265199,14129,Done,,,,,VHF/UHF,,,https://www.n2yo.com/satellite/?s=14129#results,
UOSAT 2 (UO-11),1 14781U 84021B   22158.46995835  .00000450  00000+0  60509-4 0  9995,2 14781  97.6168 146.3595 0008438   5.9915 354.1399 14.83661923 38564,14781,Done,,,,,VHF/UHF,RASC (Radio Amatuer Satellite Corporation) ,,https://www.n2yo.com/satellite/?s=14781#results,
AJISAI (EGS),1 16908U 86061A   22158.61894052 -.00000105  00000+0 -52613-4 0  9996,2 16908  50.0115 349.2791 0011456  38.0690   8.2110 12.44496295297271,16908,,,,,,,,,,
TDRS 3,1 19548U 88091B   22158.37841642 -.00000293  00000+0  00000+0 0  9999,2 19548  13.7229 351.3983 0035059 333.9876  17.6002  1.00279572110636,19548,,,,,,,,,,
COSMOS 1989 (ETALON 1),1 19751U 89001C   22158.00355394  .00000073  00000+0  00000+0 0  9996,2 19751  64.3023 122.7463 0023745 213.3693 143.0348  2.13156312260001,19751,,,,,,,,,,
COSMOS 2024 (ETALON 2),1 20026U 89039C   22158.59771390 -.00000038  00000+0  00000+0 0  9998,2 20026  65.5419   0.7168 0018379 218.6121 141.8857  2.13204391257152,20026,,,,,,,,,,
FLTSATCOM 8 (USA 46),1 20253U 89077A   22158.11533542 -.00000073  00000+0  00000+0 0  9994,2 20253  12.8627   0.3012 0007550  99.3966 269.2159  1.00273528245862,20253,,,,,,,,,,
LUSAT (LO-19),1 20442U 90005G   22158.46577442  .00000051  00000+0  35453-4 0  9992,2 20442  98.7931 123.1748 0011387 192.8662 167.2232 14.33061166691674,20442,Done,,,,,VHF/UHF,RASC (Radio Amatuer Satellite Corporation) ,,https://www.n2yo.com/satellite/?s=20442#results,
HST,1 20580U 90037B   22158.59453747  .00001263  00000+0  63826-4 0  9996,2 20580  28.4692 234.1298 0002284 290.4494 212.2408 15.10548952564728,20580,,,,,,,,,,
SKYNET 4C,1 20776U 90079A   22158.20118705  .00000132  00000+0  00000+0 0  9993,2 20776  13.8090   0.1330 0002766  64.2632 296.9952  1.00271740116198,20776,,,,,,,,,,
TDRS 5,1 21639U 91054B   22158.30535338  .00000091  00000+0  00000+0 0  9996,2 21639  14.2390   4.7289 0025830   3.0745 190.2205  1.00277904112956,21639,,,,,,,,,,
GEOTAIL,1 22049U 92044A   22160.49186612 -.00001299  00000+0  00000+0 0  9994,2 22049  45.4218  37.3618 4902253 199.2154   1.2513  0.19226513 12944,22049,,,,,,,,,,
LAGEOS 2,1 22195U 92070B   22158.44668205 -.00000009  00000+0  00000+0 0  9998,2 22195  52.6470 116.1159 0138095 264.5134 258.0846  6.47294043700201,22195,,,,,,,,,,
TDRS 6,1 22314U 93003B   22158.45066081 -.00000289  00000+0  00000+0 0  9993,2 22314  14.1310   7.9710 0012457 110.2961 253.8188  1.00266777107635,22314,,,,,,,,,,
SCD 1,1 22490U 93009B   22158.61261659  .00000271  00000+0  24757-4 0  9990,2 22490  24.9696 276.5167 0043169  72.0514 311.3095 14.44690626548136,22490,,,,,,,,,,
UFO 2 (USA 95),1 22787U 93056A   22158.25743928  .00000134  00000+0  00000+0 0  9993,2 22787  11.4647  11.2094 0003371  69.8889 295.9966  1.00277934103913,22787,,,,,,,,,,
STELLA,1 22824U 93061B   22158.59368549 -.00000038  00000+0  34922-5 0  9990,2 22824  98.9644 179.2620 0006419 174.7555 282.5870 14.27390846494970,22824,,,,,,,,,,
EYESAT A (AO-27),1 22825U 93061C   22158.51011368  .00000027  00000+0  28466-4 0  9999,2 22825  98.8871 189.3374 0009576  82.2775 277.9494 14.30172891496732,22825,,,,,,VHF/UHF,,,https://www.n2yo.com/satellite/?s=22825#results,
ITAMSAT (IO-26),1 22826U 93061D   22158.53572453  .00000042  00000+0  33950-4 0  9990,2 22826  98.8815 189.2434 0010039  70.2340 289.9924 14.30518519496998,22826,,,,,,VHF/UHF,,,https://www.n2yo.com/satellite/?s=22826#results,
USA 99 (MILSTAR-1 1),1 22988U 94009A   22158.26231378 -.00000188  00000+0  00000+0 0  9997,2 22988  15.3306  43.2271 0001218  34.0773 182.7892  1.00271852 18219,22988,,,,,,,,,,
USA 107 (DSP 17),1 23435U 94084A   22158.60823306 -.00000159  00000+0  00000+0 0  9992,2 23435  14.5844   5.8378 0002156  89.5958 282.8567  1.00268995 18214,23435,,,,,,,,,,
RADIO ROSTO (RS-15),1 23439U 94085A   22158.46361023 -.00000037  00000+0  15882-3 0  9997,2 23439  64.8162 161.7737 0168012 274.2522  83.9217 11.27572506130363,23439,Done,,,,,HF,,,https://www.n2yo.com/satellite/?s=23439#results,
UFO 4 (USA 108),1 23467U 95003A   22158.51358368 -.00000013  00000+0  00000+0 0  9999,2 23467   9.8367  17.9097 0006066  76.1141 159.1223  1.00275501100205,23467,,,,,,,,,,
AMSC 1,1 23553U 95019A   22157.54598571 -.00000085  00000+0  00000+0 0  9995,2 23553  11.9368  26.2937 0006402  36.3224 281.3496  1.00271948 99417,23553,,,,,,,,,,
TDRS 7,1 23613U 95035B   22158.54859272 -.00000196  00000+0  00000+0 0  9992,2 23613  13.9817 358.6588 0030133  51.8987 127.6294  1.00275297 98503,23613,,,,,,,,,,
USA 113,1 23628U 95038A   22158.20655615 -.00000330  00000+0  00000+0 0  9999,2 23628  12.0680  25.0958 0000992  11.6312  36.8495  1.00266800 18224,23628,,,,,,,,,,
USA 115 (MILSTAR-1 2),1 23712U 95060A   22158.58120544 -.00000012  00000+0  00000+0 0  9994,2 23712  13.5217  14.3646 0002067  50.1464 280.6805  1.00271308 18139,23712,,,,,,,,,,
POLAR,1 23802U 96013A   22157.24247276  .00000230  00000+0  00000+0 0  9998,2 23802  78.7618 241.7273 5819709 259.2533  33.8566  1.29847293125743,23802,,,,,,,,,,
INMARSAT 3-F1,1 23839U 96020A   22158.09265869 -.00000272  00000+0  00000+0 0  9995,2 23839   7.5200  58.1926 0008747  32.1313 156.4256  0.99996332 95543,23839,,,,,,,,,,
JAS-2 (FO-29),1 24278U 96046B   22158.30243542 -.00000040  00000+0 -23166-5 0  9997,2 24278  98.5164 183.3858 0349469 309.7717  47.3121 13.53115661274231,24278,,,,,,VHF/UHF,,,https://www.n2yo.com/satellite/?s=24278#results,
INMARSAT 3-F2,1 24307U 96053A   22158.56229946  .00000105  00000+0  00000+0 0  9994,2 24307   6.4969  67.0676 0011079  13.3244 213.9658  0.99997481 94215,24307,,,,,,,,,,
AMC-1 (GE-1),1 24315U 96054A   22158.56675546  .00000076  00000+0  00000+0 0  9992,2 24315   5.5960  73.2409 0003409 346.3765 269.4523  1.00272928 31575,24315,,,,,,,,,,
INMARSAT 3-F3,1 24674U 96070A   22158.24424178 -.00000079  00000+0  00000+0 0  9990,2 24674   7.1136  61.8178 0007502  23.1426 339.9241  0.99978034 93200,24674,,,,,,,,,,
GALAXY 25 (G-25),1 24812U 97026A   22158.47303260  .00000008  00000+0  00000+0 0  9990,2 24812   3.6682  83.7600 0006967 357.5950  50.8841  1.00272219 91639,24812,Done,,,,,C,Intelsat S.A.,,https://www.intelsat.com/global-network/satellite-network/,
NAVSTAR 43 (USA 132),1 24876U 97035A   22158.39069447  .00000105  00000+0  00000+0 0  9995,2 24876  55.5099 156.0661 0057902  51.0406 309.4901  2.00563334182458,24876,,,,,,,,,,
INTELSAT 5 (IS-5),1 24916U 97046A   22158.60652885 -.00000051  00000+0  00000+0 0  9991,2 24916   7.2087  61.1404 0002258  18.0396 201.2737  1.00272081 90875,24916,Done,,,,,Ku/C,Intelsat S.A.,,https://www.intelsat.com/global-network/satellite-network/,
FORTE,1 24920U 97047A   22158.50280804  .00000118  00000+0  72644-4 0  9995,2 24920  69.9540  91.8786 0020362 125.1765 235.1267 14.26536135288843,24920,,,,,,,,,,
AMC-3 (GE-3),1 24936U 97050A   22158.40716920 -.00000248  00000+0  00000+0 0  9995,2 24936   4.5202  79.5842 0003093   2.3689 248.4050  1.00271672 37680,24936,,,,,,,,,,
USA 134,1 25019U 97065A   22158.59020668 -.00000051  00000+0  00000+0 0  9993,2 25019  11.0417  31.5553 0005958  15.4225 309.0441  1.00274405 18206,25019,,,,,,,,,,
NAVSTAR 44 (USA 135),1 25030U 97067A   22155.91573305  .00000025  00000+0  00000+0 0  9992,2 25030  55.6957 223.0213 0020254 247.4155 112.4549  1.88438191178929,25030,,,,,,,,,,
ASTRA 1G,1 25071U 97076A   22158.04007574  .00000126  00000+0  00000+0 0  9996,2 25071   6.2211  68.3765 0003798 358.4531 222.4254  1.00269865 89757,25071,,,,,,,,,,
ORBCOMM FM08,1 25112U 97084A   22158.53242995  .00000312  00000+0  14404-3 0  9997,2 25112  45.0157 243.6218 0006394  81.8909 278.2666 14.39677155281947,25112,,,,,,,,,,
ORBCOMM FM10,1 25113U 97084B   22158.51899374  .00000339  00000+0  15270-3 0  9996,2 25113  45.0168 245.2430 0003743  47.0948 313.0215 14.39667235456924,25113,,,,,,,,,,
ORBCOMM FM11,1 25114U 97084C   22158.55594428  .00000307  00000+0  14279-3 0  9996,2 25114  45.0153 244.6582 0004546  47.6820 312.4414 14.39586059281909,25114,,,,,,,,,,
ORBCOMM FM12,1 25115U 97084D   22158.51740681  .00000297  00000+0  13958-3 0  9998,2 25115  45.0160 244.5083 0003405  50.4250 309.6899 14.39606533281696,25115,,,,,,,,,,
ORBCOMM FM09,1 25116U 97084E   22158.44870302  .00000274  00000+0  13246-3 0  9990,2 25116  45.0166 245.3865 0004630  27.3042 332.8049 14.39592142281890,25116,,,,,,,,,,
ORBCOMM FM05,1 25117U 97084F   22158.53982766  .00000321  00000+0  14658-3 0  9990,2 25117  45.0165 244.9142 0001433  97.5025 262.5987 14.39817628280990,25117,,,,,,,,,,
ORBCOMM FM06,1 25118U 97084G   22158.52910240  .00000337  00000+0  15221-3 0  9992,2 25118  45.0161 244.7080 0001192 135.8788 238.6370 14.39663444281918,25118,,,,,,,,,,
ORBCOMM FM07,1 25119U 97084H   22158.49652326  .00000298  00000+0  13974-3 0  9996,2 25119  45.0153 245.1993 0001751  62.3237 297.7790 14.39647066281905,25119,,,,,,,,,,
INMARSAT 3-F5,1 25153U 98006B   22158.42335898 -.00000278  00000+0  00000+0 0  9995,2 25153   6.3774  65.8941 0005054   9.0227 279.2400  1.00268475 89141,25153,,,,,,,,,,
ORBCOMM FM04,1 25159U 98007C   22158.50851028  .00000274  00000+0  15444-3 0  9996,2 25159 107.9893  35.1943 0044486   9.8774 350.3229 14.30334063265933,25159,,,,,,,,,,
CELESTIS-02 & TAURUS R/B,1 25160U 98007D   22158.53845630 -.00000042  00000+0  38738-4 0  9999,2 25160 107.9803 246.7896 0061363 128.2466 243.8328 14.21625876261678,25160,,,,,,,,,,
UFO 8 (USA 138),1 25258U 98016A   22158.51368706 -.00000007  00000+0  00000+0 0  9996,2 25258   9.4152  29.9415 0003823  47.6538 175.8573  1.00282563 88823,25258,,,,,,UHF/SHF,Department of Defence of the Navy,,https://www.n2yo.com/satellite/?s=25258#results,
NOAA 15,1 25338U 98030A   22158.52741275  .00000135  00000+0  74827-4 0  9992,2 25338  98.6443 188.1926 0009678 332.7246  27.3425 14.26134925251603,25338,,,,,,VHF/L/UHF,NOAA,,https://space.oscar.wmo.int/satellites/view/noaa_15,
TECHSAT 1B (GO-32),1 25397U 98043D   22158.44949895  .00000027  00000+0  31442-4 0  9996,2 25397  98.8172 108.8911 0002198 113.9600 246.1808 14.23755819242003,25397,,,,,,VHF/UHF,Technion Institute of Technology Israel ,,https://www.n2yo.com/satellite/?s=25397#results,
ORBCOMM FM18,1 25414U 98046B   22158.56819699  .00000313  00000+0  16259-3 0  9996,2 25414  44.9964 356.5098 0003990 134.3175 225.7999 14.33519634245389,25414,,,,,,,,,,
ORBCOMM FM19,1 25415U 98046C   22158.30543046  .00000315  00000+0  16347-3 0  9999,2 25415  44.9974 358.5332 0002946 118.8496  50.8800 14.33453710245310,25415,,,,,,,,,,
ORBCOMM FM20,1 25416U 98046D   22158.01727617  .00000233  00000+0  13446-3 0  9992,2 25416  44.9970   0.2686 0000795  47.2105 312.8808 14.33395363245387,25416,,,,,,,,,,
ORBCOMM FM15,1 25418U 98046F   22158.53529557  .00000326  00000+0  16719-3 0  9993,2 25418  45.0001 359.4637 0002951 153.8667 228.2007 14.33540172245374,25418,,,,,,,,,,
ORBCOMM FM14,1 25419U 98046G   22158.60619927  .00000362  00000+0  18002-3 0  9990,2 25419  44.9994 358.7569 0002004 129.8292 270.9287 14.33579236245339,25419,,,,,,,,,,
ORBCOMM FM13,1 25420U 98046H   22158.56101092  .00000310  00000+0  16201-3 0  9998,2 25420  45.0004   1.3405 0004221 138.2950 221.8219 14.33323939244429,25420,,,,,,,,,,
ASTRA 2A,1 25462U 98050A   22158.54152806  .00000103  00000+0  00000+0 0  9992,2 25462   3.3792  85.6734 0001562  67.8601 347.6746  1.00431677 31594,25462,,,,,,Ku,Societe Europeenne des Satellites,,https://www.n2yo.com/satellite/?s=25462#results,
ORBCOMM FM21,1 25475U 98053A   22158.52037767  .00000239  00000+0  13649-3 0  9992,2 25475  45.0101  85.3209 0001415 321.2224  38.8521 14.33369756238434,25475,,,,,,,,,,
ORBCOMM FM23,1 25477U 98053C   22158.52988622  .00000311  00000+0  16290-3 0  9995,2 25477  45.0099  87.4925 0001104   5.1943 354.8915 14.33269653238580,25477,,,,,,,,,,
ORBCOMM FM27,1 25481U 98053G   22158.49678613  .00000287  00000+0  15383-3 0  9996,2 25481  45.0075  86.1503 0002250 301.5699  58.4927 14.33394151238820,25481,,,,,,,,,,
SCD 2,1 25504U 98060A   22158.37294159  .00000265  00000+0  24122-4 0  9994,2 25504  24.9943 132.6004 0017437  77.6966  79.0399 14.44204291247380,25504,,,,,,,,,,
ISS (ZARYA),1 25544U 98067A   22158.71853192  .00006236  00000+0  11753-3 0  9990,2 25544  51.6456  23.4869 0004509 205.4513 228.0917 15.49906525343712,25544,,,,,130.167,,,,,
SWAS,1 25560U 98071A   22158.33880468  .00000781  00000+0  80101-4 0  9990,2 25560  69.8991  11.6671 0009145 318.8709  41.1757 14.94754171276518,25560,,,,,,,,,,
GLOBALSTAR M023,1 25621U 99004A   22158.38457814 -.00000089  00000+0  84405-4 0  9998,2 25621  52.0080 180.3103 0010296 204.9493 168.6488 12.62402066 76067,25621,,,,,,,,,,
SKYNET 4E,1 25639U 99009B   22158.31614793 -.00000026  00000+0  00000+0 0  9991,2 25639  11.2434  16.9834 0002758  55.1809 296.1228  1.00271100 36633,25639,,,,,,,,,,
GLOBALSTAR M037,1 25652U 99012D   22158.47855447 -.00000098  00000+0  33830-4 0  9991,2 25652  52.0017 311.0606 0001215 233.4068 166.3979 12.62350471 71627,25652,,,,,,,,,,
LANDSAT 7,1 25682U 99020A   22158.42303237  .00000195  00000+0  50167-4 0  9992,2 25682  97.9786 206.8719 0001649  94.9746 265.1640 14.59749850231106,25682,,,,,,,,,,
DLR-TUBSAT,1 25757U 99029B   22158.55087024  .00000035  00000+0  20447-4 0  9992,2 25757  98.4877 101.0165 0014992 144.8796 215.3390 14.51498585219846,25757,,,,,,,,,,
CXO,1 25867U 99040B   22160.11424283  .00000598  00000+0  00000+0 0  9996,2 25867  45.5552 235.6644 8812852 233.8796 359.9903  0.37814695 11764,25867,,,,,,,,,,
ABS-7,1 25894U 99046A   22158.51320323 -.00000111  00000+0  00000+0 0  9995,2 25894   2.7370  87.7673 0006584 357.9019 262.8490  0.99956440 82371,25894,,,,,,Ku/Ka,,,https://www.n2yo.com/satellite/?s=25894#results,
ABS-6,1 25924U 99053A   22158.59776942 -.00000106  00000+0  00000+0 0  9991,2 25924   0.0241 355.4811 0003607  96.8403 177.8501  1.00278571 83106,25924,,,,,,Ku/C,,,https://www.n2yo.com/satellite/?s=25924#results,
NAVSTAR 46 (USA 145),1 25933U 99055A   22158.50694828 -.00000072  00000+0  00000+0 0  9998,2 25933  52.3995 359.0742 0144112 130.7896 241.7794  2.00559011166071,25933,,,,,,,,,,
AMC-4 (GE-4),1 25954U 99060A   22158.61901462  .00000101  00000+0  00000+0 0  9996,2 25954   1.4940  91.9676 0003173 347.8440 264.1224  1.00271644 28801,25954,Done,,,,,Ku,SES,,https://www.ses.com/our-coverage#/,
UFO 10 (USA 146),1 25967U 99063A   22158.38356230 -.00000177  00000+0  00000+0 0  9998,2 25967   8.6988  33.4780 0004850  68.5316 268.9497  1.00274041 82599,25967,,,,,,Ka/EHF/UHF,,,https://www.n2yo.com/satellite/?s=25967#results,
ORBCOMM FM30,1 25980U 99065A   22158.58504685  .00000171  00000+0  11210-3 0  9998,2 25980  45.0330 262.5236 0007190 243.2708 116.7403 14.33313877175656,25980,,,,,,,,,,
ORBCOMM FM31,1 25981U 99065B   22158.56304794  .00000192  00000+0  11960-3 0  9991,2 25981  45.0241 256.9569 0004097 256.3954 103.6437 14.33347055175203,25981,,,,,,,,,,
ORBCOMM FM32,1 25982U 99065C   22158.59730307  .00000061  00000+0  73788-4 0  9990,2 25982  45.0177 265.4718 0006345 267.6772  92.3348 14.32372073175914,25982,,,,,,,,,,
ORBCOMM FM33,1 25983U 99065D   22158.56082650  .00000177  00000+0  10934-3 0  9990,2 25983  45.0286 192.7912 0010765 274.3212 217.2932 14.35591373176994,25983,,,,,,,,,,
ORBCOMM FM36,1 25984U 99065E   22158.55956329  .00000170  00000+0  11182-3 0  9992,2 25984  45.0383 266.0849 0004626 181.8590 178.2240 14.33390650175582,25984,,,,,,,,,,
ORBCOMM FM35,1 25985U 99065F   22158.56879311  .00000218  00000+0  12927-3 0  9990,2 25985  45.0410 267.5086 0003591 262.0879  97.9561 14.33344028175991,25985,,,,,,,,,,
XMM-NEWTON,1 25989U 99066A   22160.51850162 -.00000051  00000+0  00000+0 0  9997,2 25989  70.1244 304.8608 6049691  86.9151   0.2304  0.50133122 15638,25989,,,,,,,,,,
DMSP 5D-3 F15 (USA 147),1 25991U 99067A   22158.52486240  .00000078  00000+0  62346-4 0  9995,2 25991  99.0519 149.9315 0009494 211.9912 255.8315 14.16542836162361,25991,,,,,,,NOAA,,https://space.oscar.wmo.int/satellites/view/snpp,
TERRA,1 25994U 99068A   22158.51703889  .00000172  00000+0  48036-4 0  9994,2 25994  98.1369 230.6650 0001281  91.8893 325.5041 14.57136248195173,25994,,,,,,,,,,
CELESTIS-03 & TAURUS R/B,1 26034U 99070C   22158.55862747  .00011768  00000+0  57207-3 0  9998,2 26034  98.3123 163.5397 0011569 152.5336 207.6509 15.18553032219570,26034,,,,,,,,,,
GALAXY 11 (G-11),1 26038U 99071A   22158.51302878 -.00000150  00000+0  00000+0 0  9992,2 26038   2.9706  87.9078 0000271 231.2621  28.3083  1.00271576 82330,26038,Done,,,,,Ku,Intelsat S.A.,,https://www.intelsat.com/global-network/satellite-network/,
USA 148,1 26052U 00001A   22158.52370154  .00000050  00000+0  00000+0 0  9994,2 26052   9.5228  42.4707 0001205  21.3334 201.0519  1.00273196 18210,26052,,,,,,,,,,
GLOBALSTAR M063,1 26081U 00008A   22158.49036622 -.00000069  00000+0  20245-3 0  9996,2 26081  51.9922 143.4662 0004974 355.0435 152.3317 11.86132990 26361,26081,,,,,,,,,,
ASIASTAR,1 26107U 00016A   22157.69337390 -.00000323  00000+0  00000+0 0  9997,2 26107   5.6544  72.0735 0004623   3.5986 174.0073  1.00271090 81160,26107,,,,,,,,,,
IMAGE,1 26113U 00017A   22157.61322918  .00000133  00000+0  10332-1 0  9996,2 26113  94.9289 291.3421 7388812  96.3998 344.0666  1.68652520136687,26113,,,,,,,,,,
USA 149 (DSP 20),1 26356U 00024A   22158.34351270  .00000107  00000+0  00000+0 0  9997,2 26356  12.0746  21.5767 0000761 209.8178 343.0488  1.00287275 18169,26356,,,,,,,,,,
NAVSTAR 47 (USA 150),1 26360U 00025A   22158.51744312 -.00000031  00000+0  00000+0 0  9992,2 26360  54.0502  79.2765 0047773 184.0234 356.1504  2.00573107161761,26360,,,,,,,,,,
TDRS 8,1 26388U 00034A   22158.69282188 -.00000225  00000+0  00000+0 0  9994,2 26388  10.3522  42.6230 0023031 346.7037 205.5136  1.00270800 80422,26388,,,,,,,,,,
CLUSTER II-FM7 (SAMBA),1 26410U 00041A   22159.83802143  .00000754  00000+0  00000+0 0  9990,2 26410 134.1252 347.6897 5619166 199.1281 359.9994  0.44210346 13783,26410,,,,,,,,,,
CLUSTER II-FM6 (SALSA),1 26411U 00041B   22159.80708117  .00000919  00000+0  00000+0 0  9997,2 26411 136.2861 351.1590 7265125 203.8740 359.9887  0.44218390 13823,26411,,,,,,,,,,
INTELSAT 9 (IS-9),1 26451U 00043A   22158.19226616 -.00000277  00000+0  00000+0 0  9991,2 26451   7.1921  61.3134 0002778  10.5396 202.9404  1.00272811 29392,26451,Done,,,,,Ku,Intelsat S.A.,,https://www.intelsat.com/global-network/satellite-network/,
CLUSTER II-FM5 (RUMBA),1 26463U 00045A   22159.81125512  .00000973  00000+0  00000+0 0  9991,2 26463 139.8346 351.4387 6779569 204.6721 359.9565  0.44218123 13718,26463,,,,,,,,,,
CLUSTER II-FM8 (TANGO),1 26464U 00045B   22159.81667666  .00000753  00000+0  00000+0 0  9999,2 26464 134.1277 347.6807 5617813 199.1403 359.9599  0.44219487 13790,26464,,,,,,,,,,
NSS-11 (AAP-1),1 26554U 00059A   22158.51942226  .00000038  00000+0  00000+0 0  9994,2 26554   0.0282  51.5032 0002715   4.3970 202.9972  1.00272557 26547,26554,Done,,,,,Ku,SES,,https://www.ses.com/our-coverage#/,
USA 153,1 26575U 00065A   22158.59007559 -.00000315  00000+0  00000+0 0  9992,2 26575   9.0837  45.8033 0001758  25.7240 171.3258  1.00269016 18188,26575,,,,,,,,,,
AMC-6 (GE-6),1 26580U 00067A   22158.55624118  .00000117  00000+0  00000+0 0  9991,2 26580   0.0305  62.5120 0002601  17.3703 237.2986  1.00270876 79179,26580,Done,,,,,Ku,SES,,https://www.ses.com/our-coverage#/,
NAVSTAR 49 (USA 154),1 26605U 00071A   22158.23099513  .00000101  00000+0  00000+0 0  9997,2 26605  55.0934 153.0693 0136205 254.3025 208.9908  2.00560425158017,26605,,,,,,,,,,
INTELSAT 1R (IS-1R),1 26608U 00072A   22158.59737229 -.00000126  00000+0  00000+0 0  9991,2 26608   4.4568  80.4423 0000817 227.1756 320.5235  1.00271628 26575,26608,Done,,,,,Ku,Intelsat S.A.,,https://www.intelsat.com/global-network/satellite-network/,
ANIK F1,1 26624U 00076A   22158.59302285 -.00000049  00000+0  00000+0 0  9997,2 26624   1.4102  92.7295 0010895 354.2786 273.2907  1.00271872 28392,26624,Done,,,,,Ku,Telesat,,https://www.telesat.com/wp-content/uploads/2021/09/Anik-F1.pdf,
ASTRA 2D,1 26638U 00081A   22157.96223042  .00000139  00000+0  00000+0 0  9990,2 26638   7.2721  60.3898 0001866  24.2941 180.7011  1.00270574 38154,26638,,,,,,,,,,
AMC-8 (GE-8),1 26639U 00081B   22158.58858508  .00000101  00000+0  00000+0 0  9990,2 26639   2.4234  88.6976 0002738 349.1829 254.9658  1.00272020 78584,26639,Done,,,,,C,SES,,https://www.ses.com/our-coverage#/,
NAVSTAR 50 (USA 156),1 26690U 01004A   22158.61559307 -.00000017  00000+0  00000+0 0  9999,2 26690  53.9530  87.0065 0003084 316.7129 230.7875  1.91595161155360,26690,,,,,,,,,,
ODIN,1 26702U 01007A   22158.31610260  .00002012  00000+0  12810-3 0  9991,2 26702  97.5208 173.2419 0009440 334.2046  25.8711 15.09872752164748,26702,,,,,,,,,,
USA 157 (MILSTAR-2 2),1 26715U 01009A   22158.57373877  .00000023  00000+0  00000+0 0  9999,2 26715  10.0052  27.2189 0001923  45.9569 264.9751  1.00272098 18207,26715,,,,65,,,,,,
EUTELSAT 133 WEST A,1 26719U 01011A   22158.56414810  .00000089  00000+0  00000+0 0  9990,2 26719   3.6891  82.8682 0002994  28.6332 214.6627  1.00272835 77792,26719,Done,,,,,Ku,Eutelsat S.A.,,https://www.eutelsat.com/en/satellites/eutelsat-133-west.html,
BSAT-2A,1 26720U 01011B   22158.42589767 -.00000209  00000+0  00000+0 0  9996,2 26720   7.5908  59.0856 0003381  49.3057 248.4023  0.99178644 77380,26720,,,,,,,,,,
INTELSAT 10 (IS-10),1 26766U 01019A   22158.53868731  .00000046  00000+0  00000+0 0  9995,2 26766   5.5548  73.4587 0004463 351.1316 203.0536  1.00272582 30871,26766,Done,,,,,Ku/C,Intelsat S.A.,,https://www.intelsat.com/global-network/satellite-network/,
INTELSAT 901 (IS-901),1 26824U 01024A   22158.45441119 -.00000190  00000+0  00000+0 0  9995,2 26824   0.0351  82.0524 0001073  37.6120 272.2440  1.00269383  8229,26824,Done,,,,,Ku/C,Intelsat S.A.,,https://www.intelsat.com/global-network/satellite-network/,
ASTRA 2C,1 26853U 01025A   22158.40479904 -.00000246  00000+0  00000+0 0  9998,2 26853   4.5447  79.3892 0003022   7.1591 242.4435  1.00268441 30292,26853,,,,,,,,,,
OMNI-M1,1 26857U 01026A   22157.27006000  .00000005  00000+0  00000+0 0  9992,2 26857  44.7970 224.0064 0014040  52.1002 308.0870  3.92402794147804,26857,,,,,,,,,,
USA 159 (DSP 21),1 26880U 01033A   22158.01948527 -.00000289  00000+0  00000+0 0  9993,2 26880  11.4159  25.8504 0000913 261.2005 286.0044  1.00281451 16867,26880,,,,,,,,,,
INTELSAT 902 (IS-902),1 26900U 01039A   22158.09108876 -.00000270  00000+0  00000+0 0  9995,2 26900   2.3811  89.1209 0003498   0.9593 148.0712  1.00268935 75945,26900,Done,,,,,Ku/C,Intelsat S.A.,,https://www.intelsat.com/global-network/satellite-network/,
PCSAT (NO-44),1 26931U 01043C   22158.52527316  .00000036  00000+0  45608-4 0  9993,2 26931  67.0518  84.0238 0007774 265.0893  94.9321 14.30705348 79989,26931,,,,,,UHF,,,https://www.n2yo.com/satellite/?s=26931#results,
PROBA-1,1 26958U 01049B   22158.53407572  .00000584  00000+0  54427-4 0  9997,2 26958  97.8218 118.4267 0072448  18.5128 341.8675 14.96339058122991,26958,,,,,,,,,,
BIRD 2,1 26959U 01049C   22158.53088275  .00008592  00000+0  18977-3 0  9999,2 26959  97.7616 249.6475 0007369  58.3561 301.8404 15.44107998451658,26959,,,,,,,,,,
TIMED,1 26998U 01055B   22158.49829311  .00000428  00000+0  49935-4 0  9997,2 26998  74.0721 299.4749 0001373 227.0713 133.0353 14.88664871111528,26998,,,,,,,,,,
MAROC-TUBSAT,1 27004U 01056D   22158.38730840 -.00000024  00000+0  23968-4 0  9994,2 27004  99.6241 298.7708 0019267 320.3964  98.9878 13.70157081 24760,27004,,,,,,,,,,
COSMOS 2385,1 27056U 01058B   22158.54415201  .00000016  00000+0  34486-4 0  9999,2 27056  82.5386  80.3426 0005499 323.7936  36.2783 12.60517770940656,27056,,,,,,,,,,
COSMOS 2386,1 27057U 01058C   22158.46818805  .00000018  00000+0  43502-4 0  9999,2 27057  82.5451  75.6820 0001462  98.5698 261.5558 12.61565693941059,27057,,,,,,,,,,
USA 164 (MILSTAR-2 3),1 27168U 02001A   22158.32015997  .00000109  00000+0  00000+0 0  9999,2 27168   9.4976  29.0673 0001219  16.1861 344.6400  1.00273870 16909,27168,,,,,,,,,,
RHESSI,1 27370U 02004A   22158.43224614  .00016592  00000+0  36313-3 0  9990,2 27370  38.0327  65.1085 0004307 150.0012 210.1010 15.43493181125060,27370,,,,,,,,,,
ECHOSTAR 7,1 27378U 02006A   22158.48053337 -.00000237  00000+0  00000+0 0  9997,2 27378   0.2168  92.8959 0006021 336.5764 102.9803  0.99836528 74319,27378,,,,,,,,,,
INTELSAT 904 (IS-904),1 27380U 02007A   22158.45397510 -.00000201  00000+0  00000+0 0  9993,2 27380   3.2128  86.0465 0002957 344.5993 319.1111  1.00272634 37010,27380,Done,,,,,Ku/C,Intelsat S.A.,,https://www.intelsat.com/global-network/satellite-network/,
TDRS 9,1 27389U 02011A   22158.28970417 -.00000276  00000+0  00000+0 0  9993,2 27389   8.9995  60.9174 0024813 305.8466 290.7213  1.00264252 75691,27389,,,,,,,,,,
ASTRA 3A,1 27400U 02015B   22158.45173598 -.00000193  00000+0  00000+0 0  9993,2 27400   7.3745  59.2477 0001460 348.1788 284.2306  1.00274340 73977,27400,,,,,,,,,,
NSS-7,1 27414U 02019A   22158.45589390 -.00000146  00000+0  00000+0 0  9991,2 27414   5.8780  71.4047 0002517   5.9476 322.5815  1.00272051 73810,27414,Done,,,,,Ku/C,SES,,https://www.ses.com/our-coverage#/,
AQUA,1 27424U 02022A   22158.54252125  .00000314  00000+0  79552-4 0  9998,2 27424  98.2473 100.5269 0000890  77.5748  10.0699 14.57291517 68744,27424,,,,,,,,,,
DIRECTV 5 (TEMPO 1),1 27426U 02023A   22158.59114473 -.00000043  00000+0  00000+0 0  9996,2 27426   1.1031  93.2920 0003314 348.9687 276.4073  1.00271826 73376,27426,,,,,,,,,,
INTELSAT 905 (IS-905),1 27438U 02027A   22158.45502174 -.00000172  00000+0  00000+0 0  9990,2 27438   3.0342  86.7931 0002736 336.2648 332.0857  1.00272769 36610,27438,Done,,,,,Ku/C,Intelsat S.A.,,https://www.intelsat.com/global-network/satellite-network/,
GALAXY 3C (G-3C),1 27445U 02030A   22158.37892573 -.00000138  00000+0  00000+0 0  9990,2 27445   0.0188 327.6024 0001740   2.6818 326.8151  1.00268910 31740,27445,Done,,,,,Ku/C,Intelsat S.A.,,https://www.intelsat.com/global-network/satellite-network/,
EUTELSAT 5 WEST A,1 27460U 02035A   22158.31536296 -.00000030  00000+0  00000+0 0  9994,2 27460   2.2914  89.4654 0005592 339.7582 295.0090  1.00271421 72869,27460,Done,,,,,C/Ku,Eutelsat S.A.,,https://www.eutelsat.com/en/satellites/eutelsat-5-west.html,
COSMOS 2390,1 27464U 02036A   22158.53593824  .00000017  00000+0  53814-4 0  9993,2 27464  82.4841 184.4799 0024092 233.4404 126.4460 12.44580782904873,27464,,,,,,,,,,
COSMOS 2391,1 27465U 02036B   22158.53049520  .00000025  00000+0  10994-3 0  9993,2 27465  82.4835 181.6215 0025159 229.3098 130.5797 12.44901463905094,27465,,,,,,,,,,
METEOSAT-8 (MSG-1),1 27509U 02040B   22157.82235278  .00000145  00000+0  00000+0 0  9991,2 27509   8.0182  50.7137 0001776 350.8279 191.2418  1.00265595 72505,27509,,,,,,,,,,
INTELSAT 906 (IS-906),1 27513U 02041A   22158.47268373  .00000026  00000+0  00000+0 0  9999,2 27513   2.0501  90.6115 0003070 349.6201  49.9580  1.00273158 72286,27513,Done,,,,,Ku/C,Intelsat S.A.,,https://www.intelsat.com/global-network/satellite-network/,
HISPASAT 30W-4,1 27528U 02044A   22157.70000000  .00000097  00000+0  00000+0 0  9992,2 27528   2.7790  85.7990 0009925 246.7200  30.1780  0.99373133 72191,27528,Done,,,,,Ku,Hispasat,,https://www.satbeams.com/satellites?norad=27528,
INTEGRAL,1 27540U 02048A   22158.26399213  .00000580  00000+0  00000+0 0  9996,2 27540  74.9330  60.1122 8913015 298.5796 210.3479  0.37585874 21108,27540,Done,,,,,V,ESA,,https://space.skyrocket.de/doc_sdat/integral.htm,
TDRS 10,1 27566U 02055A   22158.53380997  .00000099  00000+0  00000+0 0  9996,2 27566   8.1858  50.0327 0009044 344.4382 242.4392  1.00274625 71483,27566,,,,,,,,,,
NSS-6,1 27603U 02057A   22158.53766080  .00000121  00000+0  00000+0 0  9997,2 27603   1.5851  91.7399 0003742 349.6407 198.5479  1.00273348 71297,27603,,,,,,,,,,
LATINSAT B,1 27606U 02058B   22158.34070861  .00000147  00000+0  43546-4 0  9990,2 27606  64.5569  61.3027 0085706 304.7719  54.5335 14.72603431 45201,27606,,,,,,,,,,
SAUDISAT 1C (SO-50),1 27607U 02058C   22158.49779022  .00000248  00000+0  54781-4 0  9997,2 27607  64.5551 332.3673 0077875 296.3726  62.9396 14.76119675 46907,27607,,,,,,,,,,
LATINSAT A,1 27612U 02058H   22158.52339827  .00000162  00000+0  40265-4 0  9999,2 27612  64.5538 187.0847 0059785 276.2957  83.1340 14.79890443 49616,27612,,,,,,,,,,
NIMIQ 2,1 27632U 02062A   22158.59343965 -.00000054  00000+0  00000+0 0  9990,2 27632   5.9830  70.6443 0006193  54.3722 235.3969  1.00273004 29435,27632,Done,,,,,Ku/Ka,Telesat,Extra,https://www.satbeams.com/satellites?norad=27632,
CORIOLIS,1 27640U 03001A   22158.53201012  .00000042  00000+0  40674-4 0  9995,2 27640  98.7172 167.6747 0015226 123.5698  28.5612 14.19130864  5548,27640,,,,,,,,,,
SORCE,1 27651U 03004A   22158.61275985  .00000584  00000+0  73550-4 0  9999,2 27651  39.9956 272.4392 0022591  41.2187 319.0304 14.89899511 51602,27651,,,,,,,,,,
NAVSTAR 51 (USA 166),1 27663U 03005A   22158.30139453 -.00000028  00000+0  00000+0 0  9997,2 27663  55.5187 273.4650 0125714  41.0731 323.5344  2.00565186141812,27663,,,,,,,,,,
USA 167,1 27691U 03008A   22158.56707255  .00000064  00000+0  00000+0 0  9999,2 27691   8.0234  54.6858 0003183  15.6965 259.7019  1.00274213 18201,27691,,,,,,,,,,
NAVSTAR 52 (USA 168),1 27704U 03010A   22158.47465135 -.00000077  00000+0  00000+0 0  9990,2 27704  55.0208  23.7094 0244844 305.8585  40.9379  2.00555592140603,27704,,,,,,,,,,
USA 169 (MILSTAR-2 4),1 27711U 03012A   22158.61882594 -.00000186  00000+0  00000+0 0  9999,2 27711  10.1104  40.3090 0001745  40.5394 190.0738  1.00271321 18201,27711,,,,,,,,,,
GALAXY 12 (G-12),1 27715U 03013B   22158.56978069  .00000071  00000+0  00000+0 0  9993,2 27715   3.2460  85.6615 0001783 342.8571 263.5371  1.00270964 37342,27715,Done,,,,,C,Intelsat S.A.,,https://www.intelsat.com/global-network/satellite-network/,
ASIASAT 4,1 27718U 03014A   22158.61309282 -.00000209  00000+0  00000+0 0  9992,2 27718   0.9452  94.1665 0002591 321.6266 208.4489  1.00271936 30558,27718,,,,,,,,,,
HELLAS-SAT 2,1 27811U 03020A   22158.38609163 -.00000069  00000+0  00000+0 0  9992,2 27811   3.6608  84.6962 0006085 348.2738 311.7887  1.00271711 28097,27811,,,,,,,,,,
THURAYA-2,1 27825U 03026A   22158.30535648  .00000137  00000+0  00000+0 0  9996,2 27825   6.7200  34.4714 0002593  20.2304 354.8994  1.00273481 69603,27825,,,,,,,,,,
OPTUS C1,1 27831U 03028B   22158.59443635 -.00000137  00000+0  00000+0 0  9991,2 27831   3.1756  86.5594 0005786 350.2392 188.8344  1.00273917 38313,27831,,,,,,Ku,Optus,,https://www.optus.com.au/about/network/satellite/fleet/d1,
MOST,1 27843U 03031D   22158.49410823  .00000025  00000+0  31982-4 0  9993,2 27843  98.7070 166.2454 0010141 170.3254 189.8120 14.20684782981834,27843,,,,,,,,,,
CUTE-1 (CO-55),1 27844U 03031E   22158.01606473  .00000148  00000+0  86128-4 0  9998,2 27844  98.6782 165.8603 0010868 127.9578 232.2583 14.22448905982382,27844,,,,,,,,,,
CUBESAT XI-IV (CO-57),1 27848U 03031J   22158.46833813  .00000124  00000+0  75887-4 0  9995,2 27848  98.6829 166.8274 0010534 139.7053 220.4907 14.22006503982262,27848,,,,,,,,,,
GALAXY 23 (G-23),1 27854U 03034A   22158.57946175  .00000026  00000+0  00000+0 0  9994,2 27854   0.0130  77.0948 0002959   3.8792 262.5885  1.00272202 68995,27854,Done,,,,,C,Intelsat S.A.,,https://www.intelsat.com/global-network/satellite-network/,
SCISAT 1,1 27858U 03036A   22158.48985882  .00000191  00000+0  31725-4 0  9994,2 27858  73.9322 203.7626 0009251 249.1883 110.8301 14.77558031 13960,27858,,,,,,,,,,
COSMOS 2400,1 27868U 03037A   22158.50408934  .00000019  00000+0  63389-4 0  9997,2 27868  82.4700 171.9711 0022720  36.2508 324.0107 12.45147201854616,27868,,,,,,,,,,
COSMOS 2401,1 27869U 03037B   22158.51667180  .00000002  00000+0 -53972-4 0  9999,2 27869  82.4685 168.9803 0023355  33.1966 327.0576 12.45463492854836,27869,,,,,,,,,,
USA 170,1 27875U 03040A   22157.15588597 -.00000263  00000+0  00000+0 0  9991,2 27875   7.3593  59.9875 0003204  42.7223 165.7424  1.00272278 18209,27875,,,,,,,,,,
MOZHAYETS 4 (RS-22),1 27939U 03042A   22158.44194391  .00000353  00000+0  71233-4 0  9992,2 27939  98.1912 299.1658 0011880 236.3351 123.6730 14.67345263999575,27939,,,,,,,,,,
GALAXY 13 (HORIZONS-1),1 27954U 03044A   22158.57124062  .00000061  00000+0  00000+0 0  9998,2 27954   0.0412  91.9892 0001075 281.1859 321.3895  1.00271756 31825,27954,Done,,,,,Ku/C,Intelsat S.A.,,https://www.intelsat.com/global-network/satellite-network/,
IRS-P6 (RESOURCESAT-1),1 28051U 03046A   22158.47873738  .00000095  00000+0  48104-4 0  9998,2 28051  98.4046 229.7156 0059579  48.3618 312.2651 14.34205443969594,28051,,,,,,,,,,
DMSP 5D-3 F16 (USA 172),1 28054U 03048A   22158.56221514 -.00000030  00000+0  81732-5 0  9997,2 28054  98.9875 149.3221 0007265 354.7411 152.2725 14.13674061961636,28054,,,,,,,,,,
CHUANGXIN 1 (CX-1),1 28058U 03049B   22158.45163996  .00000067  00000+0  31066-4 0  9992,2 28058  98.6949  12.3768 0012030 314.7638  45.2574 14.47140122983480,28058,,,,,,,,,,
YAMAL 202,1 28089U 03053A   22158.63144881 -.00000066  00000+0  00000+0 0  9992,2 28089   2.6120  88.0854 0006703   0.7466 197.9964  1.00272512 67932,28089,,,,,,Ku/C,,,https://www.n2yo.com/satellite/?s=28089#results,
UFO 11 (USA 174),1 28117U 03057A   22158.19355038 -.00000083  00000+0  00000+0 0  9996,2 28117   6.9701  37.9146 0006325  36.1704 325.6025  1.00271842 67709,28117,,,,,,,,,,
USA 176 (DSP 22),1 28158U 04004A   22158.11856250 -.00000209  00000+0  00000+0 0  9998,2 28158  10.0780  35.3292 0000467   5.0242 345.1741  1.00270427 16854,28158,,,,,,,,,,
ABS-4 (MOBISAT-1),1 28184U 04007A   22158.47198598  .00000054  00000+0  00000+0 0  9990,2 28184   2.2991  89.2659 0005487 349.5403  47.9386  1.00269424 66837,28184,,,,,,,,,,
EUTELSAT 7A,1 28187U 04008A   22158.55634478  .00000118  00000+0  00000+0 0  9996,2 28187   2.0841  88.3253 0004201 344.1391 244.5402  1.00271467 66601,28187,Done,,,,,Ku,Eutelsat S.A.,Renamed,https://www.satbeams.com/satellites?norad=28187,
NAVSTAR 54 (USA 177),1 28190U 04009A   22158.58010486 -.00000051  00000+0  00000+0 0  9998,2 28190  56.0108 334.4315 0090587 120.0129 241.7959  2.00560641133456,28190,,,,,,,,,,
SHIYAN 1 (SY-1),1 28220U 04012A   22158.47448349  .00001398  00000+0  11195-3 0  9992,2 28220  97.9727 150.3236 0013374  11.4920 348.6606 15.01824550988573,28220,,,,,,,,,,
AMC-11 (GE-11),1 28252U 04017A   22158.56623580  .00000082  00000+0  00000+0 0  9992,2 28252   0.0151   3.1812 0002630  70.0051 255.5915  1.00271477 66134,28252,Done,,,,,C,SES,,https://www.ses.com/our-coverage#/,
INTELSAT 10-02,1 28358U 04022A   22158.31614793  .00000002  00000+0  00000+0 0  9996,2 28358   0.0181 339.1008 0001046 135.5893 253.8297  1.00273521 65791,28358,Done,,,,,Ku/C,Intelsat S.A.,,https://www.intelsat.com/global-network/satellite-network/,
APRIZESAT 2,1 28366U 04025A   22158.46546566  .00000059  00000+0  32194-4 0  9992,2 28366  98.1674  28.1089 0107725   5.9403 354.3034 14.36817796940381,28366,,,,,,,,,,
SAUDICOMSAT 1,1 28369U 04025D   22158.44772403  .00000148  00000+0  47169-4 0  9991,2 28369  98.4397 120.0146 0032862 203.5457 156.4236 14.52791647950390,28369,,,,,,,,,,
SAUDICOMSAT 2,1 28370U 04025E   22158.44995823  .00000169  00000+0  57420-4 0  9990,2 28370  98.5315 118.9910 0058443  33.0768 327.4057 14.47691997947187,28370,,,,,,,,,,
SAUDISAT 2,1 28371U 04025F   22158.45027867 -.00000040  00000+0  16830-5 0  9996,2 28371  98.3761 115.1733 0026450 133.6154 226.7234 14.54553962951834,28371,,,,,,,,,,
APRIZESAT 1,1 28372U 04025G   22158.45692568  .00000121  00000+0  43324-4 0  9999,2 28372  98.4925 119.2633 0045158 307.0830  52.6240 14.49799986948657,28372,,,,,,,,,,
AURA,1 28376U 04026A   22158.53899038  .00000307  00000+0  78140-4 0  9994,2 28376  98.2089 102.0153 0001348  82.3738 277.7614 14.57088995951783,28376,,,,,,,,,,
ANIK F2,1 28378U 04027A   22158.59124931 -.00000037  00000+0  00000+0 0  9992,2 28378   0.0686 103.3535 0000823  78.3699 176.0310  1.00273495 26518,28378,Done,,,,,C/Ku/Ka,Telesat,,https://www.telesat.com/wp-content/uploads/2020/12/Anik-F2.pdf,
COSMOS 2407,1 28380U 04028A   22158.25550858  .00000060  00000+0  45765-4 0  9997,2 28380  82.9609  83.9779 0040624  46.9562 313.4990 13.76114262897767,28380,,,,,,,,,,
SHIJIAN-6 01A (SJ-6 01A),1 28413U 04035A   22158.41718341  .00001812  00000+0  16995-3 0  9991,2 28413  97.7099 179.1420 0013927  89.5897 270.6925 14.95179396966526,28413,,,,,,,,,,
SHIJIAN-6 01B (SJ-6 01B),1 28414U 04035B   22158.46499018  .00000345  00000+0  37034-4 0  9992,2 28414  97.7144 179.0645 0007667  85.5833 274.6274 14.94642223966463,28414,,,,,,,,,,
COSMOS 2408,1 28419U 04037A   22158.54052199  .00000031  00000+0  14839-3 0  9992,2 28419  82.4839 167.1030 0014528 252.3201 107.6295 12.45630565804978,28419,,,,,,,,,,
COSMOS 2409,1 28420U 04037B   22158.48697683  .00000008  00000+0 -15006-4 0  9993,2 28420  82.4840 169.7359 0012167 261.4778  98.4917 12.45282836804771,28420,,,,,,,,,,
AMC-15,1 28446U 04041A   22158.36759521 -.00000076  00000+0  00000+0 0  9991,2 28446   0.0166   3.4334 0002561  63.8574 215.7280  1.00270544 64573,28446,Done,,,,,Ku/Ka,SES,,https://www.ses.com/our-coverage#/,
JB-3 3 (ZY 2C),1 28470U 04044A   22158.50410597  .00000403  00000+0  32854-4 0  9994,2 28470  97.2394  12.7126 0042893 273.2935  86.3386 15.03909357965717,28470,,,,,,,,,,
NAVSTAR 56 (USA 180),1 28474U 04045A   22157.35664416 -.00000080  00000+0  00000+0 0  9997,2 28474  55.3475  23.8881 0206401 278.9296 189.1282  2.00563837128918,28474,,,,,,,,,,
SWIFT,1 28485U 04047A   22158.29717228  .00002402  00000+0  12829-3 0  9990,2 28485  20.5577  21.6883 0010601 168.9335 191.1333 15.06371568962017,28485,,,,,,,,,,
HELIOS 2A,1 28492U 04049A   22158.40540669  .00001189  00000+0  11983-3 0  9997,2 28492  98.2340 100.9653 0015865 113.1238 247.1638 14.93129690933629,28492,,,,,,,,,,
NANOSAT-1,1 28493U 04049B   22158.59769207  .00000343  00000+0  59978-4 0  9997,2 28493  98.1120 259.3861 0003771 341.3546  18.7523 14.73986588938417,28493,,,,,,,,,,
COSMOS 2414,1 28521U 05002A   22158.44335108  .00000062  00000+0  38683-4 0  9990,2 28521  82.9511  75.8042 0039276 200.9657 158.9898 13.87657712880166,28521,,,,,,,,,,
NSS-10 (AMC-12),1 28526U 05003A   22158.30890882 -.00000238  00000+0  00000+0 0  9999,2 28526   2.7586  87.4593 0003007 331.3256 270.6562  1.00270479 38405,28526,Done,,,,,C,SES,,https://www.ses.com/our-coverage#/,
XTAR-EUR,1 28542U 05005A   22158.20957374  .00000164  00000+0  00000+0 0  9995,2 28542   0.5514  94.7249 0003224 343.5972 281.7206  1.00273373 63435,28542,,,,,,X,Hispasat,,https://www.hispasat.com/en/satellite-fleet/governmental-satellites,
XM-3 (RHYTHM),1 28626U 05008A   22158.51468594 -.00000192  00000+0  00000+0 0  9998,2 28626   0.0199 143.7778 0001420  35.2479 177.0366  1.00267663 27874,28626,,,,,,X,,,https://www.n2yo.com/satellite/?s=28626#results,
INMARSAT 4-F1,1 28628U 05009A   22158.58452126 -.00000249  00000+0  00000+0 0  9995,2 28628   3.6040  34.9517 0002937  42.6431 172.2858  1.00271643 62927,28628,,,,,,,,,,
IRS-P5 (CARTOSAT-1),1 28649U 05017A   22158.44193489  .00000375  00000+0  51000-4 0  9996,2 28649  97.7193 219.1600 0000722 158.2904 201.8341 14.84135656925251,28649,,,,,,,,,,
NOAA 18,1 28654U 05018A   22158.43254242  .00000116  00000+0  86629-4 0  9995,2 28654  98.9491 228.8762 0014136   4.6938 355.4363 14.12738597878567,28654,,,,,,VHF/L/UHF,NOAA,,https://space.oscar.wmo.int/satellites/view/noaa_18,
DIRECTV 8,1 28659U 05019A   22158.58123757  .00000014  00000+0  00000+0 0  9994,2 28659   0.0170 309.5743 0002792 122.5052 274.0773  1.00272863 62320,28659,,,,,,,,,,
GALAXY 28 (G-28),1 28702U 05022A   22158.51390097 -.00000172  00000+0  00000+0 0  9999,2 28702   0.0108 354.8747 0002188 120.5977 236.4105  1.00270562 37237,28702,Done,,,,,Ku/C,Intelsat S.A.,,https://www.intelsat.com/global-network/satellite-network/,
EXPRESS-AM3,1 28707U 05023A   22158.54126640  .00000077  00000+0  00000+0 0  9992,2 28707   3.5721  83.9342 0001955   1.4835  53.7744  0.98998022 38653,28707,,,,,,,,,,
SJ-7,1 28737U 05024A   22158.48933543  .00001659  00000+0  14651-3 0  9995,2 28737  97.7152 156.8352 0032848   0.6014 359.5242 14.97341281926508,28737,,,,,,,,,,
THAICOM 4,1 28786U 05028A   22158.28104837 -.00000350  00000+0  00000+0 0  9994,2 28786   0.0184 337.1644 0001572  84.7397  54.4189  1.00270043 37511,28786,,,,,,,,,,
GALAXY 14 (G-14),1 28790U 05030A   22158.53812656  .00000168  00000+0  00000+0 0  9991,2 28790   1.2372  92.3037 0001839 331.2015  59.0248  1.00271021 61563,28790,Done,,,,,C,Intelsat S.A.,,https://www.intelsat.com/global-network/satellite-network/,
REIMEI (INDEX),1 28810U 05031B   22158.58116094  .00001067  00000+0  11215-3 0  9996,2 28810  98.0561 220.8531 0026974 352.2349   7.8447 14.91440328910643,28810,,,,,,,,,,
ANIK F1R,1 28868U 05036A   22158.59448306 -.00000061  00000+0  00000+0 0  9999,2 28868   0.5345  93.6871 0003110 330.3005 298.6948  1.00271981 31700,28868,Done,,,,,C/Ku,Telesat,,https://www.telesat.com/wp-content/uploads/2020/12/Anik-F1R.pdf,
NAVSTAR 57 (USA 183),1 28874U 05038A   22158.27643177 -.00000050  00000+0  00000+0 0  9994,2 28874  56.0776 331.8777 0137188 274.4499 249.5560  2.00577089122335,28874,,,,,,,,,,
GALAXY 15 (G-15),1 28884U 05041A   22158.56285718  .00000092  00000+0  00000+0 0  9999,2 28884   0.0136  16.8986 0001735  62.0954 246.5555  1.00271662 60869,28884,Done,,,,,C,Intelsat S.A.,,https://www.intelsat.com/global-network/satellite-network/,
SYRACUSE 3A,1 28885U 05041B   22158.54100476  .00000141  00000+0  00000+0 0  9990,2 28885   1.0990  93.4628 0003164 341.4422  62.7713  1.00274067 61008,28885,,,,,,,,,,
BEIJING 1,1 28890U 05043A   22158.47814365  .00000109  00000+0  31472-4 0  9995,2 28890  98.1170 281.0676 0014769 201.0990 158.9605 14.61449918885689,28890,,,,,,,,,,
SINAH 1,1 28893U 05043D   22158.60315829  .00000131  00000+0  35709-4 0  9996,2 28893  98.1107 282.3847 0014769 198.8202 161.2455 14.61700946885518,28893,,,,,,,,,,
CUBESAT XI-V,1 28895U 05043F   22158.61078992  .00000521  00000+0  10748-3 0  9994,2 28895  98.1054 290.1417 0017037 168.0680 192.0929 14.64328765885977,28895,,,,,,,,,,
INMARSAT 4-F2,1 28899U 05044A   22158.19910747  .00000021  00000+0  00000+0 0  9996,2 28899   3.4935  37.2807 0002816  45.6298 308.2395  1.00272772 60767,28899,,,,,,,,,,
SPACEWAY 2,1 28903U 05046B   22158.55634444  .00000116  00000+0  00000+0 0  9996,2 28903   1.8832  88.1182 0000754 267.8029 321.3839  1.00271980 36594,28903,,,,,,C,,,https://www.n2yo.com/satellite/?s=28903#results,
COSMOS 2416,1 28908U 05048A   22158.45984035  .00000028  00000+0  11014-3 0  9999,2 28908  82.4667 168.0965 0006989 202.3982 272.5260 12.55519041754334,28908,,,,,,,,,,
METEOSAT-9 (MSG-2),1 28912U 05049B   22157.82313774  .00000139  00000+0  00000+0 0  9993,2 28912   5.9960  66.3702 0001384 348.5285 182.2796  1.00270833 60283,28912,,,,,,,,,,
EUTELSAT 174A,1 28924U 05052A   22158.61612189  .00000023  00000+0  00000+0 0  9992,2 28924   0.4853  92.2849 0006313 342.3837 217.1257  1.00272754 37580,28924,Done,,,,,Ku,Eutelsat S.A.,,https://www.eutelsat.com/en/satellites/eutelsat-174-east.html,
ECHOSTAR 10,1 28935U 06003A   22158.36242078 -.00000043  00000+0  00000+0 0  9992,2 28935   0.0280 241.2146 0002310 142.7468 252.0681  1.00271476 59722,28935,,,,,,,,,,
SPAINSAT,1 28945U 06007A   22158.37301353 -.00000203  00000+0  00000+0 0  9998,2 28945   0.0453 259.5199 0002673 200.7654 259.7524  1.00271102 59466,28945,,,,,,X/Ka,Hispasat,,https://www.hispasat.com/en/satellite-fleet/governmental-satellites/spainsat,
EUTELSAT HOTBIRD 13E,1 28946U 06007B   22158.21924358  .00000099  00000+0  00000+0 0  9990,2 28946   0.0550 156.5897 0004545 312.6045 238.3209  1.00271118 59564,28946,Done,,,,,Ku,Eutelsat S.A.,,https://www.eutelsat.com/en/satellites/eutelsat-13-east-hotbird.html,
JCSAT-5A,1 29045U 06010A   22158.59007559 -.00000315  00000+0  00000+0 0  9993,2 29045   0.0384 120.5182 0001691 314.9213 165.0054  1.00271481 59016,29045,,,,,,,,,,
ASTRA 1KR,1 29055U 06012A   22157.67441368  .00000131  00000+0  00000+0 0  9999,2 29055   0.0160 309.2415 0000996 165.9489  41.8531  1.00273275 30978,29055,Done,,,,,Ku,SES,,https://www.ses.com/our-coverage#/,
EROS B,1 29079U 06014A   22158.51635625  .00006537  00000+0  27301-3 0  9995,2 29079  97.3822 279.4121 0003403 357.4954  69.1981 15.23969479894867,29079,,,,,,,,,,
CLOUDSAT,1 29107U 06016A   22158.55310302  .00000132  00000+0  35394-4 0  9992,2 29107  98.3276 118.6081 0003135   1.6476 358.4735 14.62977183857583,29107,,,,,,,,,,
CALIPSO,1 29108U 06016B   22158.55231624  .00000440  00000+0  95559-4 0  9993,2 29108  98.3247 118.1767 0001593  83.2391 276.8991 14.62931625857573,29108,,,,,,,,,,
EWS-G1 (GOES 13),1 29155U 06018A   22158.47207321  .00000051  00000+0  00000+0 0  9995,2 29155   0.5754  96.9159 0002575  86.6138 303.6778  1.00269119 28637,29155,,,,,,ULF/F,NOAA,,https://space.oscar.wmo.int/satellites/view/goes_16,
EUTELSAT 113 WEST A,1 29162U 06020A   22158.58790894 -.00000024  00000+0  00000+0 0  9991,2 29162   0.0429 120.4588 0003035 316.8718 277.2698  1.00271382 58727,29162,Done,,,,,C/Ku,Eutelsat S.A.,,https://www.eutelsat.com/en/satellites/eutelsat-113-west.html,
RESURS-DK 1,1 29228U 06021A   22158.36972080  .00000544  00000+0  47317-4 0  9993,2 29228  69.9336 154.7149 0001523  52.1900 307.9399 15.03216997880863,29228,,,,,,,,,,
GALAXY 16 (G-16),1 29236U 06023A   22158.60458845 -.00000114  00000+0  00000+0 0  9996,2 29236   0.0415 110.9965 0003153 337.8444 285.7874  1.00274185 58226,29236,Done,,,,,Ku/C,Intelsat S.A.,,https://www.intelsat.com/global-network/satellite-network/,
GENESIS 1,1 29252U 06029A   22158.40037759  .00002285  00000+0  10874-3 0  9999,2 29252  64.5211 104.1115 0059371 263.9155  95.5202 15.20608565877441,29252,,,,,,,,,,
ARIRANG-2 (KOMPSAT-2),1 29268U 06031A   22158.44417846  .00000219  00000+0  52222-4 0  9991,2 29268  97.8897  27.9144 0017635  46.1686 314.0961 14.62302392846438,29268,,,,,,,,,,
EUTELSAT HOTBIRD 13B,1 29270U 06032A   22158.31893891  .00000099  00000+0  00000+0 0  9997,2 29270   0.0685  15.4509 0004282  42.5747 325.4823  1.00271665 32550,29270,Done,,,,,Ku,Eutelsat S.A.,,https://www.eutelsat.com/en/satellites/eutelsat-13-east-hotbird.html,
JCSAT-3A,1 29272U 06033A   22158.59007559 -.00000332  00000+0  00000+0 0  9999,2 29272   0.0467 110.3971 0002216 343.6872 142.3063  1.00272406 32991,29272,,,,,,,,,,
SYRACUSE 3B,1 29273U 06033B   22158.38705103 -.00000031  00000+0  00000+0 0  9993,2 29273   0.0272  97.6690 0005171 343.7544 308.4817  1.00271538 57951,29273,,,,,,,,,,
KOREASAT 5 (MUGUNGWHA 5),1 29349U 06034A   22158.05191726 -.00000346  00000+0  00000+0 0  9991,2 29349   0.0407 117.7282 0001172 317.7180 311.7494  1.00271935 26562,29349,,,,,,,,,,
HINODE (SOLAR-B),1 29479U 06041A   22158.46852417  .00000282  00000+0  61843-4 0  9994,2 29479  98.1211 173.7598 0017041 256.2351 103.6955 14.64819911839296,29479,,,,,,,,,,
NAVSTAR 58 (USA 190),1 29486U 06042A   22158.18198683  .00000053  00000+0  00000+0 0  9999,2 29486  54.7156 209.6820 0103333  21.3378 351.8041  2.00554497114894,29486,,,,,,,,,,
DIRECTV 9S,1 29494U 06043A   22158.60281813 -.00000100  00000+0  00000+0 0  9998,2 29494   0.0319 109.9000 0003128 331.4434 290.4490  1.00272244 36636,29494,,,,,,,,,,
OPTUS D1,1 29495U 06043B   22158.59933163 -.00000098  00000+0  00000+0 0  9995,2 29495   0.0303 281.3842 0003506 154.0986 196.2527  1.00269736 57370,29495,,,,,,Ku,Optus,,https://www.optus.com.au/about/network/satellite/fleet/d1,
SHIJIAN-6 02A (SJ-6 02A),1 29505U 06046A   22158.46030808  .00000978  00000+0  92220-4 0  9996,2 29505  97.7761 179.5501 0005251 141.2563 218.9045 14.96059798851206,29505,,,,,,,,,,
SHIJIAN-6 02B (SJ-6 02B),1 29506U 06046B   22158.43150047  .00000543  00000+0  56282-4 0  9998,2 29506  97.7966 179.6793 0000681 199.6810 160.4382 14.94036394850649,29506,,,,,,,,,,
XM-4 (BLUES),1 29520U 06049A   22158.51468594 -.00000192  00000+0  00000+0 0  9998,2 29520   0.0177 291.4764 0001741  40.5868  24.0161  1.00268008 36729,29520,,,,,,,,,,
DMSP 5D-3 F17 (USA 191),1 29522U 06050A   22158.52539059 -.00000037  00000+0  32475-5 0  9993,2 29522  98.7666 173.7667 0008723 292.9664  67.0588 14.14101030804505,29522,,,,,,,,,,
BADR-4,1 29526U 06051A   22158.21889635  .00000157  00000+0  00000+0 0  9997,2 29526   0.0493 322.4792 0002649  95.6275 302.2958  1.00273882 36511,29526,,,,,,Ku,Arabsat,,https://www.arabsat.com/english/the-fleet/badr-4,
NAVSTAR 59 (USA 192),1 29601U 06052A   22158.10393489 -.00000027  00000+0  00000+0 0  9994,2 29601  55.5252 272.4102 0084116  74.2149 286.7274  2.00550466113907,29601,,,,,,,,,,
WILDBLUE-1,1 29643U 06054A   22158.50945285 -.00000036  00000+0  00000+0 0  9993,2 29643   0.0160  64.6646 0001591  13.1078 250.3287  1.00270993 39045,29643,,,,,,,,,,
AMC-18,1 29644U 06054B   22158.51503480 -.00000201  00000+0  00000+0 0  9996,2 29644   0.0127 327.6938 0002145  87.3548 303.2598  1.00254038 56792,29644,Done,,,,,C,SES,,https://www.ses.com/our-coverage#/,
LAPAN-TUBSAT,1 29709U 07001A   22158.43150784  .00000253  00000+0  38183-4 0  9991,2 29709  97.9656 121.1502 0011579 291.8388  68.1588 14.82487328833024,29709,,,,,,,,,,
CARTOSAT-2 (IRS-P7),1 29710U 07001B   22158.53755708  .00014996  00000+0  37336-3 0  9998,2 29710  97.8650 263.4320 0153337  92.4942 269.3860 15.29056671834728,29710,,,,,,,,,,
THEMIS A,1 30580U 07004A   22157.95569864 -.00000090  00000+0 -13070-1 0  9998,2 30580  14.5993 346.4455 8379342 163.4460 269.4418  0.87834788 28344,30580,,,,,,,,,,
OE (NEXTSAT),1 30774U 07006C   22158.45294944  .00015233  00000+0  23527-3 0  9998,2 30774  45.9983  64.5654 0001191 356.9861   3.1040 15.54089090852285,30774,,,,,,,,,,
FALCONSAT-3,1 30776U 07006E   22158.16827968  .00026223  00000+0  41042-3 0  9999,2 30776  35.4322 327.6206 0003213 351.1072   8.9602 15.52778306847983,30776,,,,,,,,,,
CFESAT,1 30777U 07006F   22158.25346306  .00039186  00000+0  54217-3 0  9992,2 30777  35.4207   4.5527 0007046 330.3639  29.6693 15.56046461847589,30777,,,,,,,,,,
SKYNET 5A,1 30794U 07007B   22158.75981106 -.00000259  00000+0  00000+0 0  9997,2 30794   2.0029  88.6391 0002714 354.5462 181.6957  1.00274254 55907,30794,,,,,,,,,,
THEMIS D,1 30797U 07004D   22158.50683630 -.00000067  00000+0  00000+0 0  9998,2 30797  10.4866 336.1594 8342466 176.9203  94.3843  0.87837591 28149,30797,,,,,,,,,,
THEMIS E,1 30798U 07004E   22158.38412391 -.00000073  00000+0  00000+0 0  9996,2 30798  11.2272 348.8299 8328746 166.4833  44.4707  0.87840951 52988,30798,,,,,,,,,,
ANIK F3,1 31102U 07009A   22158.58123720  .00000012  00000+0  00000+0 0  9990,2 31102   0.0185 328.8605 0002335  91.5749 286.0617  1.00271031 31811,31102,Done,,,,,C/Ku/Ka,Telesat,,https://www.telesat.com/wp-content/uploads/2020/12/Anik-F3.pdf,
HAIYANG-1B,1 31113U 07010A   22158.33786272  .00000026  00000+0  26042-4 0  9998,2 31113  98.3192 183.8792 0012647 239.8570 120.1361 14.30316347790322,31113,,,,,,,,,,
SAUDISAT 3,1 31118U 07012B   22158.56809253  .00000107  00000+0  26242-4 0  9997,2 31118  97.9688 105.8520 0014066 223.5728 136.4368 14.69324672811656,31118,,,,,,,,,,
SAUDICOMSAT 7,1 31119U 07012C   22158.56714647  .00000223  00000+0  52941-4 0  9994,2 31119  98.1839 104.5167 0060922 121.2121 239.5070 14.62080900807267,31119,,,,,,,,,,
SAUDICOMSAT 6,1 31121U 07012E   22158.56261633  .00000163  00000+0  43882-4 0  9996,2 31121  98.2257  99.8048 0075275 222.7756 136.7570 14.58871341805507,31121,,,,,,,,,,
SAUDICOMSAT 5,1 31124U 07012H   22158.57721879  .00000289  00000+0  63693-4 0  9994,2 31124  98.1526 106.1377 0052729  69.1408 291.5430 14.63804743808147,31124,,,,,,,,,,
SAUDICOMSAT 3,1 31125U 07012J   22158.57983309  .00000363  00000+0  75053-4 0  9999,2 31125  98.1180 107.6634 0043515  17.2395 343.0274 14.65626050809064,31125,,,,,,,,,,
SAUDICOMSAT 4,1 31127U 07012L   22158.35593534  .00000173  00000+0  44505-4 0  9991,2 31127  98.2070 102.6637 0067895 169.5352 190.7280 14.60594310806401,31127,,,,,,,,,,
AGILE,1 31135U 07013A   22157.11612736  .00006717  00000+0  14286-3 0  9992,2 31135   2.4690 321.5949 0010530 274.5631  85.3221 15.37694702475209,31135,,,,,,,,,,
AIM,1 31304U 07015A   22158.50540610  .00004746  00000+0  23988-3 0  9996,2 31304  97.8558  77.3367 0006658  62.2329 297.9578 15.17563217829685,31304,,,,,,,,,,
ASTRA 1L,1 31306U 07016A   22158.24841060  .00000132  00000+0  00000+0 0  9994,2 31306   0.0499 316.1983 0002359  58.9718 349.0558  1.00272523 30262,31306,Done,,,,,Ku/Ka,SES,,https://www.ses.com/our-coverage#/,
GALAXY 17 (G-17),1 31307U 07016B   22158.25896569 -.00000162  00000+0  00000+0 0  9994,2 31307   0.0179 327.9942 0002978 116.5134 173.3652  1.00270156 55050,31307,Done,,,,,Ku/C,Intelsat S.A.,,https://www.intelsat.com/global-network/satellite-network/,
YAOGAN 2,1 31490U 07019A   22158.43260653  .00000354  00000+0  57509-4 0  9992,2 31490  98.2503 310.2575 0019498 323.4850  36.5029 14.77382480810069,31490,,,,,,,,,,
GLOBALSTAR M065,1 31571U 07020A   22158.55000821 -.00000079  00000+0  13735-3 0  9993,2 31571  51.9927 351.7752 0000966 108.4462 269.4982 12.62270028693804,31571,,,,,,,,,,
GLOBALSTAR M069,1 31573U 07020C   22158.49575889 -.00000090  00000+0  78512-4 0  9997,2 31573  51.9961 308.2300 0001300 147.2402 283.9705 12.62270857694915,31573,,,,,,,,,,
GLOBALSTAR M072,1 31574U 07020D   22158.43383141 -.00000073  00000+0  17076-3 0  9998,2 31574  52.0102  43.6867 0001581  68.4112 102.4119 12.62267388693172,31574,,,,,,,,,,
GLOBALSTAR M071,1 31576U 07020F   22158.58976531 -.00000087  00000+0  91248-4 0  9996,2 31576  52.0078 312.5284 0001798 154.6350 224.7556 12.62265009356110,31576,,,,,,,,,,
COSMO-SKYMED 1,1 31598U 07023A   22158.47778496  .00000417  00000+0  58914-4 0  9990,2 31598  97.8883 342.2835 0001463  93.8306 266.3098 14.82152624811482,31598,,,,,,,,,,
TERRASAR-X,1 31698U 07026A   22158.50666502  .00000365  00000+0  20564-4 0  9994,2 31698  97.4455 166.2456 0002097  90.8631  28.0960 15.19153994830618,31698,,,,,,,,,,
GENESIS 2,1 31789U 07028A   22158.39973360  .00002448  00000+0  12142-3 0  9993,2 31789  64.4947 147.2673 0047179 316.5273  43.2134 15.19494933824378,31789,,,,,,,,,,
COSMOS 2428,1 31792U 07029A   22158.57580221  .00000292  00000+0  18377-3 0  9999,2 31792  70.9461 200.4963 0004705  60.0849 300.0739 14.12556725770451,31792,,,,,,,,,,
ZHONGXING-6B,1 31800U 07031A   22158.55464035 -.00000349  00000+0  00000+0 0  9998,2 31800   0.0124 331.7678 0004364 103.3339 136.0184  1.00269839 54689,31800,,,,,,,,,,
DIRECTV 10,1 31862U 07032A   22158.37008664 -.00000090  00000+0  00000+0 0  9992,2 31862   0.0272 120.3919 0000102 163.5264   2.2719  1.00270917 30841,31862,,,,,,,,,,
SPACEWAY 3,1 32018U 07036A   22158.51267992 -.00000139  00000+0  00000+0 0  9991,2 32018   0.1981  86.8742 0000427 263.9364 354.6922  1.00271406 31800,32018,,,,,,Ka,EchoStar,,https://www.echostarsatelliteservices.com/satellites.aspx,
BSAT-3A,1 32019U 07036B   22158.55350652 -.00000338  00000+0  00000+0 0  9993,2 32019   0.0406 221.1544 0001058 291.6596  52.2415  1.00272067 35774,32019,,,,,,,,,,
WORLDVIEW-1 (WV-1),1 32060U 07041A   22158.43452963  .00003116  00000+0  12986-3 0  9996,2 32060  97.3882 277.9647 0004341 159.4599 200.6814 15.24442062818868,32060,,,,,,,,,,
OPTUS D2,1 32252U 07044A   22158.61799399 -.00000171  00000+0  00000+0 0  9998,2 32252   0.0412  98.5175 0003499 338.9295 193.0180  1.00270726 53827,32252,,,,,,Ku,Optus,,https://www.optus.com.au/living-network/satellite/fleet/d2,
INTELSAT 11 (IS-11),1 32253U 07044B   22158.45127135 -.00000256  00000+0  00000+0 0  9998,2 32253   0.0165 326.0812 0001694 121.4598 287.7609  1.00272291 53743,32253,Done,,,,,C,Intelsat S.A.,,https://www.intelsat.com/global-network/satellite-network/,
WGS F1 (USA 195),1 32258U 07046A   22158.38923149  .00000053  00000+0  00000+0 0  9990,2 32258   0.0158 353.0003 0000452  25.9162  22.9570  1.00268538 37598,32258,,,,,,,,,,
NAVSTAR 60 (USA 196),1 32260U 07047A   22157.42460120  .00000081  00000+0  00000+0 0  9994,2 32260  53.3122 141.0012 0139006  62.4506 298.9464  2.00548744107297,32260,,,,,,,,,,
GLOBALSTAR M067,1 32263U 07048A   22158.35749256 -.00000093  00000+0  31989-4 0  9990,2 32263  51.9750  31.4776 0001585 105.8670  66.0559 12.40609045672220,32263,,,,,,,,,,
GLOBALSTAR M070,1 32264U 07048B   22158.57516758 -.00000097  00000+0  36587-4 0  9997,2 32264  51.9753 256.4524 0001341 216.4081 156.5992 12.62266178674047,32264,,,,,,,,,,
GLOBALSTAR M066,1 32265U 07048C   22158.32387735 -.00000093  00000+0  60327-4 0  9997,2 32265  51.9662 119.5169 0001665 352.5246 158.7713 12.62260543676277,32265,,,,,,,,,,
COSMOS 2433 [GLONASS-M],1 32275U 07052A   22157.99281822 -.00000043  00000+0  00000+0 0  9997,2 32275  66.0836   5.0162 0000286 228.4519 287.2714  2.13104192113741,32275,,,,,,,,,,
COSMOS 2432 [GLONASS-M],1 32276U 07052B   22157.96728172 -.00000043  00000+0  00000+0 0  9999,2 32276  66.0953   5.1196 0009850 342.0350 102.4573  2.13103411113746,32276,,,,,,,,,,
YAOGAN 3,1 32289U 07055A   22158.47144525  .00000464  00000+0  66180-4 0  9999,2 32289  97.9475 180.4561 0001480 110.2617 249.8775 14.81327612787563,32289,,,,,,,,,,
STAR ONE C1,1 32293U 07056A   22158.59958858  .00000046  00000+0  00000+0 0  9990,2 32293   0.9397  92.8750 0008123 179.6386  95.6833  0.99063255   816,32293,,,,,,,,,,
SKYNET 5B,1 32294U 07056B   22158.53664385  .00000155  00000+0  00000+0 0  9995,2 32294   1.5040  89.3384 0003291 347.0452  37.8274  1.00272197 53454,32294,,,,,,,,,,
ASTRA 4A (SIRIUS 4),1 32299U 07057A   22158.53256566  .00000045  00000+0  00000+0 0  9997,2 32299   0.0148   9.3047 0002805  67.6974  15.4340  1.00271486 36934,32299,Done,,,,,Ku/Ka,SES,,https://www.ses.com/our-coverage#/,
COSMO-SKYMED 2,1 32376U 07059A   22158.44404361  .00001089  00000+0  14328-3 0  9994,2 32376  97.8885 342.2504 0001413  89.1415 271.0028 14.82157466784222,32376,,,,,,,,,,
RADARSAT-2,1 32382U 07061A   22158.49037024 -.00000002  00000+0  16130-4 0  9996,2 32382  98.5748 165.5724 0001189  94.1871  58.7352 14.29983772755874,32382,,,,,,,MDA,,,
NAVSTAR 61 (USA 199),1 32384U 07062A   22158.24387525 -.00000050  00000+0  00000+0 0  9993,2 32384  56.1962 332.6386 0020387 135.6254 227.9511  2.00561543106019,32384,,,,,,,,,,
HORIZONS-2,1 32388U 07063B   22158.54850550 -.00000170  00000+0  00000+0 0  9997,2 32388   0.0194  42.7864 0002827  28.4956 106.9526  1.00272581 53074,32388,,,,,,Ku,Intelsat S.A. ,,,
COSMOS 2434 [GLONASS-M],1 32393U 07065A   22158.12284789  .00000009  00000+0  00000+0 0  9994,2 32393  64.3869 241.7800 0002488  97.0169  47.9929  2.13103197112454,32393,,,,,,,,,,
COSMOS 2436 [GLONASS-M],1 32395U 07065C   22158.36558968  .00000010  00000+0  00000+0 0  9997,2 32395  64.3935 241.8282 0014841 359.3163 107.8062  2.13103037112399,32395,,,,,,,,,,
THURAYA-3,1 32404U 08001A   22158.58035433 -.00000291  00000+0  00000+0 0  9992,2 32404   4.0529  23.0356 0002859  49.8946 130.4518  1.00270882 52746,32404,,,,,,,,,,
EXPRESS-AM33,1 32478U 08003A   22158.38591719 -.00000077  00000+0  00000+0 0  9999,2 32478   1.0312  92.9468 0000476   8.4108 282.2250  1.00272869 38983,32478,Done,,,,,Ku,Russian Satellite Communications Company (RSCC),,https://eng.rscc.ru/space/seriya-ekspress-am/ekspress-am33-965-vd/,
THOR 5,1 32487U 08006A   22158.53143184  .00000003  00000+0  00000+0 0  9996,2 32487   0.0114 325.5115 0002473 108.4163  12.5443  1.00269681 52563,32487,,,,,,,,,,
AMC-14,1 32708U 08011A   22158.36160396  .00000080  00000+0  00000+0 0  9998,2 32708  22.0539  38.3104 0042559   4.6646   0.8371  1.00261556 53354,32708,,,,,,,,,,
NAVSTAR 62 (USA 201),1 32711U 08012A   22158.33467304  .00000056  00000+0  00000+0 0  9992,2 32711  54.4754 208.6137 0163527 230.8758 127.7347  2.00565024104256,32711,,,,,,,,,,
DIRECTV 11,1 32729U 08013A   22158.45526000 -.00000113  00000+0  00000+0 0  9999,2 32729   0.0164 104.8666 0000274 237.7367 337.9462  1.00271786 30846,32729,,,,,,,,,,
